backbone_id,AD_PHF,CTE_I,CTE_II,PiD,CBD,PSP,AGD,GGT,GPT,margin,is_selective
r4_c5_helix_hairpin,0.0191,-0.15289999999999998,-0.1385,-0.007300000000000001,-0.062,-0.2699,0.007199999999999998,-0.0745,-0.16640000000000002,0.1271,True
r5_c1_three_helix_bundle,-0.08889999999999999,-0.13340000000000002,-0.11319999999999998,-0.11839999999999999,-0.13459999999999997,-0.22139999999999999,0.016099999999999996,-0.1578,-0.07929999999999998,0.0289,False
r0_c7_helix_hairpin,0.0178,-0.04149999999999998,-0.0638,-0.06459999999999999,-0.3685,-0.060300000000000006,-0.0571,-0.5652,-0.5902000000000001,0.2442,True
r1_c0_helix_hairpin,-0.1029,-0.1574,-0.11870000000000003,0.0058,-0.4449,-0.1958,-0.0653,-0.1972,-0.4289,0.0974,True
r3_c3_helix_hairpin,-0.017300000000000003,0.0302,0.012000000000000004,-0.1596,-0.11530000000000001,0.0276,-0.06720000000000001,0.023999999999999997,-0.050199999999999995,0.02,False
r1_c3_helix_hairpin,0.003500000000000003,-0.0538,-0.0334,-0.05370000000000001,-0.44520000000000004,-0.23610000000000003,-0.12390000000000001,-0.21389999999999998,-0.6308,0.2274,True
r2_c1_helix_hairpin,-0.1091,0.0062,0.0131,-0.2163,-0.0503,-0.007300000000000001,-0.3279000000000001,-0.0971,-0.054400000000000004,-0.0173,False
r2_c0_helix_hairpin,0.0109,-0.0648,-0.06199999999999999,-0.04780000000000001,-0.0799,0.0398,0.008700000000000013,-0.1533,-0.1074,0.0692,True
r0_c1_helix_hairpin,-0.015199999999999998,-0.0058,-0.0016000000000000042,-0.04680000000000001,-0.0013000000000000025,0.0288,-0.25759999999999994,-0.10010000000000001,-0.10659999999999999,0.0462,False
r3_c7_helix_hairpin,0.0,-0.0187,-0.03779999999999999,-0.1558,-0.033600000000000005,0.0233,-0.05070000000000001,-0.10389999999999999,0.0235,0.0442,False
