backbone_id,AD_PHF,CTE_I,CTE_II,PiD,CBD,PSP,AGD,GGT,GPT,margin,is_selective
r8_c3_long_helix_capper,-0.053000000000000005,-0.052199999999999996,-0.06340000000000001,-0.04340000000000001,-0.12269999999999999,-0.46169999999999994,-0.07700000000000001,-0.269,-0.33409999999999995,0.1249,True
r6_c0_long_helix_capper,-0.1867,-0.16570000000000001,-0.1744,-0.0627,-0.07379999999999999,-0.173,-0.039900000000000005,-0.1366,-0.16350000000000003,-0.063,False
r0_c2_helix_strand_helix,-0.31870000000000004,-0.31020000000000003,-0.2952,-0.1444,-0.29850000000000004,-0.41600000000000004,-0.4513,-0.6004,-0.41719999999999996,0.0479,False
r2_c1_helix_strand_helix,-0.14499999999999996,-0.25839999999999996,-0.21349999999999997,-0.198,-0.1926,-0.10949999999999999,-0.2057,-0.2319,-0.1722,0.0527,True
r1_c5_helix_hairpin,-0.28279999999999994,-0.6579,-0.6452,-0.13030000000000003,-0.2353,-0.2064,-0.24480000000000002,-0.014100000000000001,-0.1335,0.0006,False
r0_c1_helix_hairpin,-0.11190000000000003,-0.48890000000000006,-0.46790000000000004,-0.10119999999999998,-0.5398000000000001,-0.28959999999999997,-0.5424,0.025800000000000003,-0.0686,0.1972,True
r1_c0_three_helix_bundle,-0.2391,-0.3166,-0.2826,-0.16899999999999998,-0.3074,-0.1734,-0.2291,-0.42100000000000004,-0.1519,0.0173,False
r8_c7_three_helix_bundle,-0.18059999999999998,-0.16740000000000002,-0.1805,-0.18770000000000003,-0.2649,-0.0325,-0.16480000000000003,-0.11939999999999999,-0.12239999999999998,-0.0256,False
r3_c7_long_helix_capper,-0.06559999999999999,-0.06359999999999999,-0.041999999999999996,-0.013900000000000003,-0.1995,-0.09260000000000002,-0.06559999999999999,-0.8166,-0.7315999999999999,0.1876,True
r4_c7_long_helix_capper,-0.2573,-0.005700000000000011,-0.002600000000000005,-0.06820000000000001,-0.14300000000000002,-0.121,-0.1691,-0.34500000000000003,-0.19849999999999998,-0.1257,False
