#"Step","Time (ps)","Potential Energy (kJ/mole)","Kinetic Energy (kJ/mole)","Temperature (K)","Speed (ns/day)"
200,0.4000000000000003,-12650.63323851589,5367.398913512038,227.58671171579832,0
400,0.8000000000000006,-12117.614292384409,6065.154250086775,257.17270768740894,0.791
600,1.2000000000000008,-11759.633293589313,6206.471804934386,263.16480891441466,0.791
800,1.6000000000000012,-11624.137026802204,6567.771525401298,278.48452273667243,0.79
1000,2.0000000000000013,-11220.921487413598,6770.605087200121,287.08500578241495,0.79
1200,2.3999999999999573,-11302.631639340629,7060.2900308581775,299.3681330146286,0.791
